-6.283185307179586;2.4492935982947064e-16;1.0;1.0000000000000002
-6.270606357615663;0.012578617838741233;0.9999208860571255;1.0124995038958666
-6.25802740805174;0.02515524538937595;0.9996835567465338;1.0248388021359096
-6.245448458487817;0.03772789267871721;0.99928804962034;1.0370159422990572
-6.232869508923894;0.05029457036336615;0.9987344272588006;1.0490289976221667
-6.220290559359971;0.06285329004448184;0.9980227772604111;1.060876067304893
-6.207711609796048;0.07540206458240141;0.9971532122280464;1.0725552768104478
-6.195132660232124;0.08793890841106189;0.9961258697511429;1.0840647781622048
-6.182553710668201;0.10046183785216851;0.9949409123839288;1.0954027502360972
-6.169974761104278;0.11296887142907333;0.9935985276197029;1.1065673990487763
-6.157395811540355;0.12545803018029647;0.9920989278611684;1.1175569580414648
-6.144816861976432;0.13792733797265394;0.9904423503868245;1.1283696883594785
-6.132237912412509;0.150374821813937;0.9886290573134227;1.1390038791273596
-6.119658962848586;0.16279851216509456;0.9866593355544919;1.1494578477195865
-6.107080013284663;0.17519644325186912;0.984533496774942;1.159729940026811
-6.09450106372074;0.1875666533758372;0.9822518773417481;1.1698185307175852
-6.081922114156817;0.1999071852248046;0.9798148382707295;1.1797220234955341
-6.069343164592894;0.21221608618250784;0.9772227651694256;1.1894388513519334
-6.056764215028971;0.22449140863757247;0.9744760681760832;1.1989674768136558
-6.044185265465048;0.23673121029167954;0.9715751818947603;1.2083063921864399
-6.031606315901124;0.24893355446689222;0.9685205653265597;1.2174541197934519
-6.019027366337201;0.26109651041208876;0.9653127017970032;1.226409212209092
-6.006448416773278;0.2732181536084663;0.9619520988795547;1.235170252488021
-5.993869467209355;0.2852965660740502;0.9584392883153086;1.2437358543893589
-5.981290517645432;0.2973298366671726;0.9547748259288534;1.2521046625960262
-5.968711568081509;0.30931606138886913;0.9509592915403252;1.2602753529291943
-5.956132618517586;0.3212533436841439;0.9469932888736632;1.268246632557807
-5.943553668953663;0.3331397947420577;0.9428774454610841;1.2760172402031418
-5.93097471938974;0.34497353379459056;0.9386124125437892;1.2835859463383799
-5.918395769825817;0.35675268841423174;0.9341988649689198;1.2909515533831515
-5.905816820261894;0.3684753948102498;0.9296375010827772;1.298112895893027
-5.893237870697971;0.38013979812359655;0.9249290426203252;1.3050688407439217
-5.880658921134048;0.39174405272039714;0.9200742345909915;1.3118182873113886
-5.868079971570124;0.4032863224839818;0.9150738451607858;1.3183601676447676
-5.855501022006201;0.4147647811054075;0.9099286655307566;1.324693446636164
-5.842922072442278;0.4261776123724357;0.9046395098117979;1.3308171221842335
-5.830343122878355;0.4375230104569046;0.8992072148958367;1.3367302253527413
-5.817764173314432;0.44879918020046244;0.8936326403234122;1.3424318205238746
-5.805185223750509;0.4600043373986112;0.8879166681476729;1.347921005546284
-5.792606274186586;0.47113670908301797;0.8820602027948113;1.3531969118778293
-5.7800273246226626;0.4821945338020478;0.8760641709209581;1.358258704723006
-5.7674483750587395;0.4931760618994744;0.8699295212655597;1.363105583165034
-5.7548694254948165;0.5040795557913246;0.8636572245012606;1.367736780292585
-5.7422904759308935;0.5149032902408126;0.8572482730803169;1.3721515633211294
-5.72971152636697;0.5256455526313213;0.8507036810775611;1.3763492337088823
-5.717132576803047;0.5363046432373823;0.8440244840299505;1.3803291272673328
-5.7045536272391235;0.5468788754936279;0.8372117387727104;1.3840906142663383
-5.6919746776752005;0.5573665762616425;0.8302665232721205;1.3876330995337631
-5.6793957281112775;0.5677660860947081;0.823189936454945;1.3909560225496531
-5.666816778547354;0.578075759500371;0.8159830980345544;1.3940588575349255
-5.654237828983431;0.5882939652008053;0.8086471483337548;1.3969411135345602
-5.641658879419508;0.598419086390927;0.8011832481043574;1.3996023344952844
-5.629079929855585;0.6084495209942171;0.7935925783435148;1.402042099337732
-5.616500980291662;0.6183836819162154;0.7858763401068548;1.4042600220230703
-5.603922030727739;0.6282199972956423;0.7780357543184395;1.406255751614082
-5.591343081163816;0.6379569107531119;0.7700720615775812;1.4080289723306931
-5.578764131599893;0.6475928816373939;0.7619865219625451;1.4095794035999392
-5.566185182035969;0.6571263852691891;0.7537804148311691;1.4109068001003582
-5.553606232472047;0.6665559131823717;0.7454550386184364;1.4120109518008082
-5.541027282908123;0.6758799733626795;0.7370117106310209;1.4128916839937005
-5.5284483333442;0.6850970904837812;0.7284517668388606;1.4135488573226418
-5.515869383780277;0.6942058061407228;0.7197765616637632;1.413982367804486
-5.503290434216354;0.7032046790806841;0.710987467765102;1.414192146845786
-5.490711484652431;0.7120922854310257;0.7020858758226224;1.414178161253648
-5.478132535088508;0.7208672189245852;0.693073194316397;1.413940413240982
-5.465553585524585;0.7295280911221885;0.6839508493039655;1.413478940426154
-5.452974635960662;0.738073531632339;0.6747202841946925;1.4127938158270315
-5.440395686396739;0.7465021883280519;0.6653829595213794;1.4118851478494312
-5.427816736832816;0.7548127275607988;0.6559403527091677;1.4107530802699664
-5.415237787268893;0.7630038343715272;0.6463939578417693;1.4093977922132965
-5.402658837704969;0.7710742126987251;0.63674528542506;1.4078194981237853
-5.390079888141047;0.7790225855834909;0.6269958621480787;1.4060184477315696
-5.377500938577123;0.7868476953715903;0.6171472306414548;1.403994926013045
-5.3649219890132;0.7945483039124439;0.6072009492333313;1.4017492531457751
-5.352343039449277;0.802123192755044;0.5971585917027858;1.3992817844578298
-5.339764089885354;0.8095711633407442;0.5870217470308184;1.3965929103715626
-5.327185140321431;0.8168910371929055;0.5767920191489295;1.393683056341835
-5.314606190757508;0.8240816561033645;0.5664710266853338;1.3905526827886983
-5.302027241193585;0.8311418823156936;0.5560604027088475;1.3872022850245411
-5.289448291629662;0.8380705987052265;0.5455617944704919;1.3836323931757184
-5.276869342065739;0.8448667089558177;0.5349768631428518;1.3798435720986695
-5.264290392501816;0.8515291377333112;0.5243072835572318;1.375836421290543
-5.251711442937893;0.8580568308556874;0.5135547439386519;1.3716115747943394
-5.239132493373969;0.8644487554598652;0.5027209456387213;1.3671697010985864
-5.226553543810047;0.8707039001651273;0.491807602866442;1.3625115030315693
-5.213974594246123;0.8768212752331538;0.48081644241696436;1.3576377176501182
-5.2013956446822;0.8827999127246198;0.4697492033983705;1.3525491161229903
-5.188816695118277;0.888638866652356;0.4586076369564906;1.3472465036088466
-5.176237745554354;0.8943372131310273;0.4473935059978267;1.3417307191288539
-5.163658795990431;0.8998940505233183;0.4361085849106109;1.3360026354339292
-5.151079846426508;0.9053084995825967;0.4247546592840477;1.3300631588666445
-5.138500896862585;0.9105797035920357;0.41333352562578396;1.3239132292178195
-5.125921947298662;0.9157068285001692;0.4018469910776512;1.3175538195778205
-5.113342997734739;0.920689063052863;0.3902968731297256;1.3109859361825886
-5.100764048170816;0.925525618921678;0.37868499933275024;1.3042106182544282
-5.088185098606893;0.9302157308286042;0.36701320700896556;1.2972289378375699
-5.075606149042969;0.9347586566671512;0.3552833429613931;1.2900419996285444
-5.063027199479047;0.9391536776197676;0.3434972631816236;1.2826509408013913
-5.050448249915123;0.9434000982715813;0.33165683255613865;1.27505693082772
-5.0378693003512;0.9474972467204299;0.3197639245712449;1.2672611712916748
-5.025290350787277;0.9514444746831767;0.3078204210166275;1.2592648956998043
-5.012711401223354;0.9552411575982869;0.2958282116876022;1.2510693692858892
-5.0001324516594305;0.9588866947246498;0.2837891940860967;1.2426758888107465
-4.9875535020955075;0.9623805092366335;0.2717052731204125;1.2340857823570461
-4.9749745525315845;0.9657220483153546;0.2595783608038156;1.2253004091191702
-4.9623956029676615;0.9689107832361495;0.2474103759520025;1.216321159188152
-4.949816653403738;0.9719462094522335;0.23520324387949013;1.2071494533317237
-4.937237703839815;0.9748278466745341;0.22295889609497738;1.1977867427695115
-4.924658754275892;0.9775552389476861;0.21067926999572661;1.1882345089434128
-4.9120798047119685;0.9801279547221767;0.19836630856101237;1.1784942632831892
-4.899500855148046;0.9825455869226276;0.18602196004469243;1.16856754696732
-4.886921905584122;0.9848077530122081;0.17364817766692997;1.1584559306791382
-4.874342956020199;0.9869140950531601;0.16124691930515198;1.148161014358312
-4.861764006456276;0.9888642797634357;0.14882014718424877;1.1376844269476845
-4.849185056892353;0.9906579985694317;0.13636982756609975;1.1270278261355315
-4.83660610732843;0.9922949676548137;0.12389793043845497;1.1161928980932687
-4.824027157764507;0.9937749280054242;0.11140642920322824;1.1051813572086524
-4.811448208200584;0.995097645450266;0.09889730036424983;1.093994945814516
-4.798869258636661;0.9962629106985543;0.0863725232145285;1.0826354339130828
-4.786290309072738;0.9972705393728327;0.07383407952307212;1.0711046188959048
-4.773711359508814;0.9981203720381463;0.06128395322131569;1.059404325259462
-4.761132409944892;0.9988122742272691;0.04872413008921248;1.0475364043164817
-4.748553460380968;0.9993461364619809;0.03615659744101852;1.0355027339029994
-4.735974510817046;0.9997218742703887;0.023583343810857364;1.023305218081246
-4.723395561253122;0.9999394282002937;0.011006358638064345;1.010945786838358
-4.710816611689199;0.9999987638285974;-0.001572368047584881;0.9984263957810126
-4.698237662125276;0.9998998717667489;-0.01415084594076232;0.9857490258259866
-4.685658712561353;0.9996427676622299;-0.026727084775504988;0.9729156828867249
-4.67307976299743;0.9992274921960794;-0.0392990946401314;0.959928397555948
-4.660500813433507;0.9986541110764564;-0.051864886292101044;0.9467892247843553
-4.647921863869584;0.9979227150282433;-0.06442247147276807;0.9335002435554752
-4.635342914305661;0.9970334197786902;-0.07696986322197924;0.920063556556711
-4.622763964741738;0.9959863660391044;-0.0895050761924664;0.906481289846638
-4.610185015177814;0.9947817194825852;-0.1020261269639847;0.8927555925186005
-4.597606065613892;0.9934196707178107;-0.11453103435714057;0.87888863636067
-4.585027116049968;0.9919004352588768;-0.1270178197468792;0.8648826155119976
-4.572448166486046;0.9902242534911986;-0.13948450737554507;0.8507397461156535
-4.559869216922122;0.9883913906334727;-0.15192912466551595;0.8364622659679568
-4.547290267358199;0.9864021366957145;-0.1643497025313064;0.8220524341644081
-4.534711317794276;0.9842568064333687;-0.17674427569114182;0.8075125307422268
-4.522132368230353;0.9819557392975067;-0.1891108829779164;0.7928448563195902
-4.50955341866643;0.9794992993811165;-0.20144756764950525;0.7780517317316112
-4.496974469102507;0.9768878753614926;-0.21375237769837563;0.763135497663117
-4.484395519538584;0.9741218804387363;-0.22602336616044896;0.7480985142782873
-4.471816569974661;0.9712017522703763;-0.23825859142316483;0.7329431608472115
-4.459237620410738;0.9681279529021188;-0.2504561175326983;0.7176718353694205
-4.446658670846814;0.9649009686947388;-0.2626140145002825;0.7022869541944563
-4.434079721282892;0.9615213102471256;-0.2747303586075825;0.6867909516395432
-4.421500771718968;0.9579895123154888;-0.28680323271109065;0.6711862796043981
-4.408921822155045;0.9543061337287487;-0.2988307265454601;0.6554754071832887
-4.396342872591122;0.9504717573001115;-0.31081093702577145;0.63966082027434
-4.383763923027199;0.9464869897348523;-0.32274196854864945;0.6237450211862029
-4.371184973463276;0.9423524615343186;-0.3346219332922016;0.607730528242117
-4.358606023899353;0.9380688268961658;-0.3464489515147236;0.5916198753814421
-4.34602707433543;0.9336367636108461;-0.3582211518521275;0.5754156117587186
-4.333448124771507;0.9290569729543627;-0.3699366716140432;0.5591203013403195
-4.320869175207584;0.9243301795773085;-0.38159365707854837;0.5427365224987601
-4.308290225643661;0.9194571313902055;-0.3931902637854788;0.5262668676047266
-4.295711276079738;0.9144385994451658;-0.4047246568282733;0.5097139426168925
-4.283132326515814;0.9092753778138882;-0.4161950111443082;0.49308036666958005
-4.2705533769518915;0.9039682834620163;-0.42759951180366873;0.47636877165834757
-4.257974427387968;0.8985181561198671;-0.43893635429633093;0.45958180182353614
-4.2453954778240455;0.8929258581495687;-0.4502037448176728;0.44272211333189593
-4.232816528260122;0.8871922744086039;-0.46139990055231744;0.4257923738562865
-4.2202375786961985;0.8813183121098069;-0.4725230499562121;0.40879526215359485
-4.2076586291322755;0.8753049006778129;-0.4835714330369445;0.39173346764086836
-4.1950796795683525;0.8691529916019989;-0.49454330163221877;0.3746096899697801
-4.1825007300044295;0.8628635582859311;-0.5054369196864644;0.35742663859946666
-4.169921780440506;0.8564375958933459;-0.5162505635255287;0.3401870323678172
-4.157342830876583;0.8498761211906865;-0.5269825221294094;0.322893599061277
-4.1447638813126595;0.843180172386222;-0.5376310974029878;0.30554907498323425
-4.132184931748737;0.8363508089657763;-0.5481946044447096;0.2881562045210667
-4.119605982184813;0.8293891115250824;-0.5586713718131925;0.27071773971188995
-4.107027032620891;0.8222961815988097;-0.5690597417916834;0.2532364398071263
-4.094448083056967;0.815073141486262;-0.5793580706503673;0.2357150708358947
-4.081869133493045;0.8077211340738072;-0.589564728906439;0.21815640516736823
-4.069290183929121;0.8002413226540319;-0.599678101581945;0.2005632210720869
-4.056711234365198;0.7926348907416847;-0.6096965884593071;0.18293830228237762
-4.044132284801275;0.7849030418864044;-0.6196186043345288;0.1652844375518756
-4.031553335237352;0.7770469994822885;-0.6294425792680158;0.14760442021427267
-4.018974385673429;0.7690680065743168;-0.6391669588329849;0.12990104774133193
-4.006395436109506;0.7609673256616677;-0.6487902043614172;0.11217712130025048
-3.993816486545583;0.7527462384979549;-0.6583107931875186;0.09443544531043624
-3.9812375369816597;0.7444060458884189;-0.6677272188886486;0.07667882699977024
-3.9686585874177367;0.7359480674841034;-0.6770379915236764;0.058910075960426966
-3.9560796378538137;0.7273736415730486;-0.6862416378687336;0.04113200370431502
-3.9435006882898906;0.7186841248685384;-0.6953367016503179;0.023347423218220476
-3.9309217387259676;0.7098808922944286;-0.7043217437757163;0.005559148518712309
-3.9183427891620446;0.7009653367675975;-0.71319534256071;-0.012230005793112508
-3.905763839598121;0.6919388689775461;-0.7219560939545246;-0.030017224976978563
-3.893184890034198;0.682802917163189;-0.7306026117619888;-0.04779969459879985
-3.880605940470275;0.6735589268868658;-0.7391335278628711;-0.06557460097600532
-3.868026990906352;0.664208360805614;-0.7475474924283535;-0.08333913162273954
-3.855448041342429;0.654752698439735;-0.755843174134612;-0.10109047569487695
-3.842869091778506;0.6451934359386935;-0.7640192603734692;-0.11882582443477574
-3.830290142214583;0.6355320858443843;-0.7720744574600861;-0.13654237161570182
-3.8177111926506595;0.6257701768518058;-0.7800074908376584;-0.1542373139858526
-3.8051322430867365;0.6159092535671795;-0.7878171052790868;-0.17190785171190726
-3.7925532935228135;0.6059508762635482;-0.79550206508559;-0.1895511888220418
-3.7799743439588904;0.5958966206338978;-0.8030611542822256;-0.20716453364832776
-3.7673953943949674;0.5857480775418394;-0.810493176810292;-0.22474509926845254
-3.7548164448310444;0.5755068527698902;-0.8177969567165776;-0.24229010394668737
-3.742237495267121;0.5651745667653927;-0.8249713383394303;-0.2597967715740376
-3.729658545703198;0.554752854384117;-0.8320151864916137;-0.2772623321074966
-3.717079596139275;0.544243364631579;-0.8389273866399274;-0.2946840220083484
-3.704500646575352;0.5336477604021224;-0.845706845081556;-0.31205908467943366
-3.691921697011429;0.5229677182158026;-0.8523524891171239;-0.32938477090132134
-3.679342747447506;0.5122049279531145;-0.8588632672204259;-0.3466583392673115
-3.6667637978835828;0.5013610925876061;-0.8652381492048081;-0.36387705661720204
-3.6541848483196593;0.4904379279164204;-0.8714761263861724;-0.38103819846975207
-3.6416058987557363;0.4794371622888097;-0.8775762117425777;-0.398139049453768
-3.6290269491918132;0.46836053633266056;-0.8835374400704152;-0.4151769037377547
-3.61644799962789;0.4572098026790792;-0.8893588681371303;-0.4321490654580511
-3.603869050063967;0.44598672568507614;-0.8950395748304678;-0.4490528491453917
-3.591290100500044;0.43469308115439587;-0.9005786613042183;-0.4658855801498224
-3.5787111509361207;0.4233306560565343;-0.90597525112044;-0.48264459506390567
-3.5661322013721977;0.4119012482439926;-0.9112284903881357;-0.4993272421441431
-3.5535532518082746;0.40040666616780385;-0.9163375478983631;-0.5159308817305592
-3.5409743022443516;0.3888487285913876;-0.921301615255754;-0.5324528866643665
-3.5283953526804286;0.37722926430277004;-0.9261199070064259;-0.5488906427036558
-3.5158164031165056;0.36555011182521924;-0.9307916607622619;-0.5652415489370427
-3.503237453552582;0.35381311912633856;-0.935316137321543;-0.5815030181952043
-3.490658503988659;0.34202014332566866;-0.9396926207859084;-0.5976724774602398
-3.478079554424736;0.3301730504008368;-0.943920418673633;-0.6137473682727962
-3.465500604860813;0.3182737148923086;-0.9479988620291954;-0.6297251471368868
-3.45292165529689;0.30632401960678357;-0.9519273055291264;-0.6456032859223428
-3.440342705732967;0.29432585531928196;-0.9557051275841169;-0.6613792722648348
-3.427763756169044;0.28228112047397197;-0.9593317304373701;-0.6770506099633982
-3.4151848066051205;0.270191720883782;-0.9628065402591843;-0.6926148193754023
-3.4026058570411974;0.25805956942885017;-0.966129007237748;-0.7080694378088979
-3.3900269074772744;0.2458865857538503;-0.9692986056661355;-0.7234120199122851
-3.3774479579133514;0.23367469596425255;-0.9723148340254889;-0.7386401380612364
-3.3648690083494284;0.2214258323215593;-0.9751772150643722;-0.7537513827428128
-3.3522900587855053;0.2091419329375676;-0.9778852958742851;-0.7687433629367175
-3.339711109221582;0.1968249414677053;-0.9804386479613267;-0.7836137064936215
-3.327132159657659;0.1844768068034923;-0.9828368673139948;-0.7983600605105025
-3.314553210093736;0.17209948276416903;-0.9850795744671115;-0.8129800917029424
-3.301974260529813;0.1596949277875495;-0.9871664145618657;-0.8274714867743163
-3.2893953109658898;0.1472651046201413;-0.9890970574019613;-0.84183195278182
-3.2768163614019667;0.13481198000658445;-0.9908711975058636;-0.8560592174992792
-3.2642374118380433;0.12233752437845706;-0.992488554155135;-0.870151029776678
-3.2516584622741203;0.10984371154249994;-0.9939488714388522;-0.8841051598963523
-3.2390795127101972;0.09733251836830262;-0.9952519182940991;-0.8979193999257965
-3.226500563146274;0.08480592447550926;-0.9963974885425265;-0.9115915640670172
-3.213921613582351;0.07226591192058714;-0.9973854009229762;-0.925119489002389
-3.201342664018428;0.0597144648832101;-0.9982154991201608;-0.9385010342369507
-3.188763714454505;0.04715356935230595;-0.9988876517893979;-0.9517340824370919
-3.1761847648905817;0.03458521281181722;-0.9994017525773913;-0.964816539765574
-3.1636058153266586;0.022011383926227538;-0.9997577201390606;-0.977746336212833
-3.1510268657627356;0.009434072225896801;-0.999955498150411;-0.9905214259245142
-3.1384479161988126;-0.0031447322077362435;-0.9999950553174459;-1.0031397875251822
-3.1258689666348896;-0.01572303905704081;-0.9998763853811183;-1.0155994244381592
-3.1132900170709665;-0.02829885808311783;-0.9995995071183217;-1.0278983652014395
-3.100711067507043;-0.04087019944071169;-0.9991644643389177;-1.0400346637796294
-3.08813211794312;-0.05343507399305747;-0.9985713258788059;-1.0520063998718634
-3.075553168379197;-0.06599149362662048;-0.9978201855890307;-1.0638116792156511
-3.062974218815274;-0.07853747156566952;-0.996911162320932;-1.0754486338866016
-3.050395269251351;-0.09107102268664065;-0.9958443999073396;-1.0869154225939803
-3.037816319687428;-0.10359016383223907;-0.9946200671398149;-1.0982102309720538
-3.025237370123505;-0.11609291412522992;-0.993238357741943;-1.1093312718671728
-3.0126584205595814;-0.12857729528186873;-0.9916994903386808;-1.1202767856205496
-3.0000794709956584;-0.14104133192491933;-0.9900037084217638;-1.1310450403466832
-2.9875005214317354;-0.1534830518962162;-0.9881512803111796;-1.1416343322073959
-2.9749215718678124;-0.16590048656871323;-0.9861424991127115;-1.1520429856814247
-2.9623426223038893;-0.17829167115797573;-0.9839776826715615;-1.1622693538295372
-2.9497636727399663;-0.19065464503306426;-0.9816571735220582;-1.1723118185551225
-2.937184723176043;-0.2029874520267614;-0.9791813388334579;-1.1821687908602194
-2.92460577361212;-0.21528814074509034;-0.9765505703518493;-1.1918387110969397
-2.912026824048197;-0.22755476487608234;-0.9737652843381668;-1.201320049214249
-2.8994478744842738;-0.23978538349773584;-0.9708259215023277;-1.2106113050000635
-2.8868689249203507;-0.251978061385125;-0.9677329469334989;-1.2197110083186238
-2.8742899753564277;-0.26413086931660607;-0.9644868500265071;-1.2286177193431131
-2.8617110257925047;-0.27624188437907404;-0.9610881444044028;-1.237330028783477
-2.8491320762285812;-0.28830919027222185;-0.9575373678371909;-1.2458465581094127
-2.836553126664658;-0.3003308776117504;-0.9538350821567404;-1.2541659597684909
-2.823974177100735;-0.31230504423148936;-0.9499818731678871;-1.2622869173993765
-2.811395227536812;-0.32422979548437075;-0.9459783505557424;-1.2702081460401131
-2.798816277972889;-0.33610324454221585;-0.941825147789225;-1.2779283923314408
-2.786237328408966;-0.3479235126942836;-0.9375229220208275;-1.285446434715111
-2.7736583788450426;-0.35968872964453574;-0.9330723539826373;-1.292761083627173
-2.7610794292811196;-0.3713970338075681;-0.9284741478786257;-1.2998711816861939
-2.7485004797171966;-0.3830465726031676;-0.9237290312732226;-1.3067756038763902
-2.7359215301532736;-0.3946355027494407;-0.9188377549761961;-1.313473257725637
-2.7233425805893505;-0.4061619905544722;-0.9138010929238534;-1.3199630834783256
-2.7107636310254275;-0.41762421220646667;-0.9086198420565821;-1.3262440542630487
-2.698184681461504;-0.4290203540623265;-0.9032948221927523;-1.332315176255079
-2.685605731897581;-0.44034861293461935;-0.8978268758989991;-1.3381754888336186
-2.673026782333658;-0.451607196376895;-0.8922168683569038;-1.343824064733799
-2.660447832769735;-0.4627943229672989;-0.8864656872260988;-1.3492600101933976
-2.647868883205812;-0.47390822259044296;-0.8805742425038148;-1.3544824650942577
-2.635289933641889;-0.4849471367174875;-0.8745434663808943;-1.3594906030983818
-2.622710984077966;-0.49590931868438914;-0.8683743130942928;-1.364283631778682
-2.6101320345140424;-0.5067930339682726;-0.8620677587760914;-1.3688607927443641
-2.5975530849501194;-0.5175965604618784;-0.8556248012990467;-1.3732213617609252
-2.5849741353861964;-0.5283181887460513;-0.8490464601186979;-1.377364648864749
-2.5723951858222733;-0.5389562223602162;-0.8423337761120618;-1.381289998472278
-2.5598162362583503;-0.5495089780708058;-0.8354878114129366;-1.3849967894837425
-2.5472372866944273;-0.5599747861375951;-0.8285096492438423;-1.3884844353814374
-2.534658337130504;-0.5703519905779014;-0.8214003937446253;-1.3917523843225266
-2.522079387566581;-0.5806389494286055;-0.8141611697977528;-1.3948001192263582
-2.5095004380026578;-0.590834035005958;-0.8067931228503243;-1.3976271578562822
-2.4969214884387347;-0.6009356341631228;-0.7992974187328303;-1.400233052895953
-2.4843425388748117;-0.6109421485454227;-0.7916752434746855;-1.4026173920201082
-2.4717635893108887;-0.6208519948432434;-0.7839278031165658;-1.4047797979598093
-2.459184639746965;-0.6306636050425573;-0.776056323519579;-1.4067199285621363
-2.446605690183042;-0.6403754266730259;-0.7680620501712996;-1.4084374768443255
-2.434026740619119;-0.6499859230536466;-0.7599462479886976;-1.4099321710423443
-2.421447791055196;-0.6594935735358958;-0.7517102011179934;-1.411203774653889
-2.408868841491273;-0.6688968737443394;-0.7433552127314702;-1.4122520864758097
-2.39628989192735;-0.6781943358146661;-0.7348826048212761;-1.4130769406359422
-2.383710942363427;-0.6873844886291101;-0.7262937179902473;-1.4136782066193574
-2.3711319927995036;-0.6964658780492218;-0.7175899112397878;-1.4140557892890095
-2.3585530432355806;-0.7054370671459531;-0.7087725617548383;-1.4142096289007915
-2.3459740936716575;-0.7142966364270209;-0.6998430646859654;-1.4141397011129864
-2.3333951441077345;-0.7230431840615091;-0.6908028329286111;-1.4138460169901204
-2.3208161945438115;-0.7316753261016782;-0.681653296899533;-1.4133286230012112
-2.3082372449798885;-0.7401916967019433;-0.6723959043104727;-1.412587601012416
-2.295658295415965;-0.7485909483349906;-0.6630321199390866;-1.4116230682740771
-2.283079345852042;-0.7568717520049917;-0.6535634253971793;-1.4104351774021708
-2.270500396288119;-0.7650327974578899;-0.6439913188962684;-1.4090241163541584
-2.257921446724196;-0.7730727933887176;-0.6343173150105278;-1.4073901083992455
-2.245342497160273;-0.7809904676459173;-0.6245429444371391;-1.4055334120830563
-2.23276354759635;-0.7887845674326313;-0.6146697537540926;-1.4034543211867239
-2.220184598032427;-0.7964538595049288;-0.6046993051754758;-1.4011531646804045
-2.207605648468504;-0.8039971303669402;-0.594633176304287;-1.3986303066712273
-2.195026698904581;-0.8114131864628654;-0.5844729598828153;-1.3958861463456809
-2.1824477493406578;-0.8187008543658277;-0.574220263540624;-1.3929211179064518
-2.169868799776734;-0.8258589809635433;-0.5638767095401777;-1.3897356905037208
-2.157289850212811;-0.8328864336407735;-0.5534439345201584;-1.386330368160932
-2.144710900648888;-0.8397821004585397;-0.5429235892364993;-1.382705689695039
-2.132131951084965;-0.8465448903300605;-0.532317338301192;-1.3788622286312524
-2.1195530015210418;-0.8531737331933927;-0.5216268599188978;-1.3748005931122904
-2.1069740519571187;-0.8596675801807452;-0.5108538456214087;-1.3705214258021539
-2.0943951023931957;-0.8660254037844386;-0.5000000000000002;-1.3660254037844388
-2.0818161528292727;-0.8722461980194861;-0.48906704043571714;-1.3613132384552031
-2.0692372032653497;-0.8783289785827685;-0.47805669682763635;-1.356385675410405
-2.0566582537014266;-0.8842727830087775;-0.4669707113191484;-1.351243494327926
-2.0440793041375036;-0.8900766708219057;-0.45581083802230166;-1.3458875088442073
-2.0315003545735806;-0.8957397236852551;-0.44457884274025317;-1.3403185664255082
-2.0189214050096576;-0.9012610455459444;-0.4332765026878691;-1.3345375482338135
-2.0063424554457336;-0.9066397627768894;-0.4219056062105192;-1.3285453689874087
-1.9937635058818106;-0.9118750243150338;-0.41046795250111373;-1.3223429768161474
-1.9811845563178876;-0.9169660017960134;-0.39896535131541633;-1.3159313531114298
-1.9686056067539646;-0.9219118896852251;-0.38739962268569306;-1.3093115123709183
-1.9560266571900415;-0.9267119054052849;-0.3757725966327323;-1.3024845020380171
-1.9434477076261185;-0.9313652894598541;-0.36408611287628395;-1.295451402336138
-1.9308687580621955;-0.9358713055538119;-0.3523420205439646;-1.2882133260977766
-1.9182898084982725;-0.9402292407097588;-0.34054217787867397;-1.2807714185884327
-1.9057108589343494;-0.9444384053808288;-0.32868845194456925;-1.273126857325398
-1.8931319093704264;-0.9484981335597951;-0.3167827183316432;-1.2652808518914382
-1.8805529598065034;-0.9524077828844513;-0.30482686085895366;-1.257234643743405
-1.8679740102425804;-0.9561667347392507;-0.29282277127655093;-1.2489895060158016
-1.8553950606786564;-0.9597743943531891;-0.2807723489661491;-1.2405467433193382
-1.8428161111147334;-0.9632301908939126;-0.2686775006405944;-1.231907691534507
-1.8302371615508104;-0.9665335775580414;-0.25654014004216497;-1.2230737176002062
-1.8176582119868874;-0.9696840316576876;-0.24436218763976694;-1.2140462192974546
-1.8050792624229643;-0.97268105470316;-0.23214557032506164;-1.2048266250282216
-1.7925003128590413;-0.9755241724818386;-0.2198922211075778;-1.1954163935894164
-1.7799213632951183;-0.9782129351332084;-0.20760407880885545;-1.1858170139420638
-1.7673424137311953;-0.9807469172200396;-0.1952830877556703;-1.17603000497571
-1.7547634641672722;-0.9831257177957041;-0.182931197472387;-1.166056915268091
-1.7421845146033492;-0.9853489604676164;-0.17055036237249013;-1.1558993228401067
-1.7296055650394262;-0.9874162934567888;-0.1581425414493413;-1.14555883490613
-1.7170266154755032;-0.9893273896534934;-0.145709697966212;-1.1350370876197053
-1.7044476659115801;-0.9910819466690196;-0.13325379914564034;-1.12433574581466
-1.6918687163476562;-0.9926796868835203;-0.12077681585816095;-1.1134565027416812
-1.6792897667837332;-0.9941203574899393;-0.10828072231046172;-1.1024010798004011
-1.6667108172198102;-0.9954037305340125;-0.09576749573300392;-1.0911712262670163
-1.6541318676558872;-0.9965296029503367;-0.0832391160671728;-1.0797687190175094
-1.6415529180919641;-0.9974977965944997;-0.07069756565199475;-1.0681953622464944
-1.628973968528041;-0.9983081582712682;-0.058144828910475996;-1.056452987181744
-1.616395018964118;-0.9989605597588274;-0.045582892035611486;-1.0445434517944387
-1.603816069400195;-0.9994548978290693;-0.03301374267611386;-1.032468640505183
-1.591237119836272;-0.9997910942639261;-0.02043936962191192;-1.020230463885838
-1.578658170272349;-0.9999690958677468;-0.007861762489468667;-1.0078308583572155
-1.566079220708426;-0.999988874475714;0.004717088593031557;-0.9952717858826825
-1.553500271144503;-0.9998504269583004;0.017295193300576814;-0.9825552336577236
-1.54092132158058;-0.9995537752217639;0.029870561426252502;-0.9696832137955114
-1.528342372016656;-0.9990989662046814;0.04244120319614846;-0.956657763008533
-1.515763422452733;-0.9984860718705224;0.05500512958419316;-0.9434809422863293
-1.50318447288881;-0.9977151891962615;0.0675603526268784;-0.930154836569383
-1.490605523324887;-0.9967864401570343;0.08010488573780704;-0.9166815544192273
-1.478026573760964;-0.9956999717068377;0.09263674402202719;-0.9030632276848105
-1.4654476241970409;-0.9944559557552776;0.10515394459009808;-0.8893020111651795
-1.4528686746331179;-0.9930545891403677;0.1176545068718383;-0.8754000822685294
-1.4402897250691948;-0.9914960935973848;0.13013645292970735;-0.8613596406676775
-1.4277107755052718;-0.9897807157237836;0.14259780777177045;-0.8471829079520131
-1.4151318259413488;-0.9879087269401781;0.15503659966419736;-0.8328721272759807
-1.4025528763774258;-0.9858804234473959;0.1674508604432457;-0.8184295630041503
-1.3899739268135027;-0.9836961261796102;0.17983862582667923;-0.803857500352931
-1.3773949772495797;-0.9813561807535597;0.1921979357245722;-0.7891582450289875
-1.3648160276856558;-0.9788609574138615;0.204526834549451;-0.7743341228644105
-1.3522370781217328;-0.9762108509744296;0.21682337152571923;-0.7593874794487103
-1.3396581285578097;-0.9734062807560027;0.22908560099832997;-0.7443206797576727
-1.3270791789938867;-0.970447690519797;0.24131158274063919;-0.7291361077791578
-1.3145002294299637;-0.9673355483972903;0.25349938226140456;-0.7138361661358857
-1.3019212798660407;-0.9640703468161508;0.2656470711108761;-0.6984232757052746
-1.2893423303021176;-0.9606526024223211;0.2777527271859303;-0.6828998752363908
-1.2767633807381946;-0.9570828559982709;0.2898144350342008;-0.6672684209640701
-1.2641844311742716;-0.9533616723774294;0.30183028615715635;-0.6515313862202731
-1.2516054816103486;-0.9494896403548135;0.31379837931207816;-0.6356912610427354
-1.2390265320464255;-0.9454673725938636;0.32571682081289;-0.6197505517809736
-1.2264475824825025;-0.9412955055295035;0.33758372482979165;-0.6037117806997119
-1.2138686329185795;-0.9369746992674384;0.34939721368765025;-0.5875774855797882
-1.2012896833546556;-0.9325056374797074;0.3611554181631012;-0.5713502193166062
-1.1887107337907326;-0.9278890272965093;0.3728564777803086;-0.5550325495162007
-1.1761317842268095;-0.9231255991943124;0.38449854110534903;-0.5386270580889634
-1.1635528346628865;-0.9182161068802741;0.39607976603915673;-0.5221363408411174
-1.1509738850989635;-0.9131613271729834;0.40759832010899605;-0.5055630070639874
-1.1383949355350405;-0.9079620598795463;0.41905238075840967;-0.4889096791211366
-1.1258159859711174;-0.9026191276690342;0.4304401356355978;-0.4721789920334364
-1.1132370364071944;-0.8971333759423142;0.44175978288018275;-0.4553735930621315
-1.1006580868432714;-0.8915056726982841;0.4530095314083136;-0.43849614128997044
-1.0880791372793484;-0.8857369083965296;0.4641876011960656;-0.421549307200464
-1.0755001877154253;-0.8798279958164297;0.4752922235610894;-0.40453577225534026
-1.0629212381515023;-0.8737798699127288;0.48632164144246615;-0.3874582284702627
-1.0503422885875793;-0.8675934876676017;0.4972741096787235;-0.3703193779888782
-1.0377633390236554;-0.8612698279392308;0.5081478952839693;-0.3531219326552615
-1.0251843894597323;-0.854809891306926;0.5189412777220959;-0.3358686135848301
-1.0126054398958093;-0.8482146999128024;0.5296525491790204;-0.318562150733782
-1.0000264903318863;-0.8414852973000503;0.5402800148329069;-0.3012052824671434
-0.9874475407679633;-0.8346227482478175;0.5508219931223338;-0.28380075512548364
-0.9748685912040402;-0.8276281386027313;0.5612768160123649;-0.2663513225903664
-0.9622896416401172;-0.8205025751070877;0.5716428292584784;-0.24885974584860926
-0.9497106920761942;-0.8132471852237332;0.5819183926683148;-0.23132879255541838
-0.9371317425122712;-0.8058631169576694;0.5921018803612007;-0.21376123659646873
-0.9245527929483481;-0.7983515386744062;0.6021916810254091;-0.19615985764899713
-0.9119738433844251;-0.7907136389150942;0.6121861981731131;-0.178527440741981
-0.8993948938205021;-0.7829506262084636;0.6220838503929955;-0.16086677581546804
-0.8868159442565782;-0.7750637288796015;0.6318830716004722;-0.14318065727912932
-0.8742369946926551;-0.7670541948555987;0.6415823112854883;-0.1254718835701104
-0.8616580451287321;-0.7589232914680889;0.6511800347578557;-0.10774325671023322
-0.8490790955648091;-0.7506723052527244;0.6606747233900814;-0.08999758186264306
-0.8365001460008861;-0.7423025417456094;0.6700648748576572;-0.07223766688795219
-0.823921196436963;-0.7338153252767279;0.6793490033767695;-0.05446632189995837
-0.81134224687304;-0.7252119987603975;0.6885256399393919;-0.03668635882100568
-0.798763297309117;-0.7164939234827835;0.6975933325457226;-0.018900590937060868
-0.786184347745194;-0.7076624788865047;0.7065506464339321;-0.0011118324525726253
-0.7736053981812709;-0.6987190623523678;0.7153961643071816;0.016677101954813756
-0.7610264486173479;-0.6896650889782623;0.7241284865578798;0.03446339757961747
-0.7484474990534249;-0.6805019913552529;0.7327462314891393;0.0522442401338864
-0.7358685494895019;-0.6712312193409034;0.7412480355333997;0.07001681619249633
-0.723289599925578;-0.661854239829868;0.7496325534681826;0.08777831363831456
-0.7107106503616549;-0.652372536521791;0.7578984586289409;0.10552592210714995
-0.6981317007977319;-0.6427876096865394;0.766044443118978;0.12325683343243865
-0.6855527512338089;-0.6331009759268215;0.7740692180163905;0.14096824208956904
-0.6729738016698859;-0.6233141679382169;0.7819715135780129;0.15865734563979594
-0.6603948521059628;-0.613428734266662;0.7897500794403258;0.17632134517366382
-0.6478159025420398;-0.6034462390634264;0.7974036848172987;0.1939574457538723
-0.6352369529781168;-0.5933682618376207;0.8049311186951346;0.21156285685751386
-0.6226580034141938;-0.5831963972062737;0.8123311900238857;0.22913479281761195
-0.6100790538502707;-0.5729322546420204;0.8196027279059112;0.2466704732638908
-0.5975001042863477;-0.5625774582184376;0.8267445817811461;0.26416712356270844
-0.5849211547224247;-0.5521336463530708;0.8337556216091512;0.28162197525608035
-0.5723422051585016;-0.5416024715481907;0.8406347380479178;0.29903226649972703
-0.5597632555945777;-0.5309856001293203;0.8473808426293963;0.316395242500076
-0.5471843060306547;-0.520284711981579;0.8539928679317207;0.3337081559501417
-0.5346053564667317;-0.5095015002838733;0.8604697677481077;0.3509682674642344
-0.5220264069028087;-0.4986376712409917;0.8668105172523928;0.3681728460114011
-0.5094474573388856;-0.48769494381363476;0.873014113161188;0.3853191693475533
-0.4968685077749626;-0.47667504944642775;0.8790795738926287;0.40240452444620095
-0.4842895582110396;-0.46557973179395745;0.8850059397216872;0.4194262079277297
-0.47171060864711656;-0.45441074644487783;0.8907922729320281;0.4363815264871503
-0.45913165908319353;-0.4431698606441266;0.8964376579643815;0.45326779732025485
-0.4465527095192705;-0.4318588530132979;0.9019412015614093;0.47008234854811143
-0.4339737599553475;-0.42047951326921496;0.9073020329090441;0.48682251963982914
-0.42139481039142446;-0.4090336419407466;0.9125193037742758;0.5034856618335293
-0.40881586082750143;-0.3975230500839137;0.9175921886393662;0.5200691385554526
-0.3962369112635775;-0.38594955899532873;0.9225198848324687;0.5365703258371399
-0.3836579616996545;-0.37431499992401895;0.9273016126546323;0.5529866127306133
-0.37107901213573147;-0.36262121378166706;0.9319366155031739;0.5693154017215067
-0.35850006257180844;-0.3508700508513307;0.9364241599913923;0.5855541091400616
-0.3459211130078854;-0.3390633704946755;0.9407635360646108;0.6017001655699353
-0.3333421634439624;-0.32720304085777197;0.9449540571125282;0.6177510162547563
-0.32076321388003937;-0.31529093857550283;0.9489950600778586;0.6337041215023558
-0.30818426431611634;-0.3033289484746271;0.9528859055612466;0.6495569570866195
-0.2956053147521933;-0.29131896327554774;0.9566259779224376;0.6653070146468899
-0.2830263651882703;-0.27926288329283067;0.9602146853776893;0.6809518020848586
-0.27044741562434726;-0.267162616134522;0.9636514600934085;0.6964888439588865
-0.25786846606042424;-0.25502007640031116;0.9669357582759981;0.7119156818756869
-0.24528951649650033;-0.24283718537858712;0.9700670602579008;0.7272298748793137
-0.2327105669325773;-0.2306158707424402;0.9730448705798238;0.7424289998373836
-0.22013161736865428;-0.21835806624464554;0.9758687180691361;0.7575106518244905
-0.20755266780473125;-0.20606571141169272;0.9785381559144196;0.7724724445027269
-0.19497371824080822;-0.19374075123689788;0.9810527617361681;0.7873120104992701
-0.1823947686768852;-0.18138513587265137;0.9834121376536187;0.8020270017809673
-0.16981581911296217;-0.16900082032184946;0.9856159103477083;0.8166150900258589
-0.15723686954903915;-0.15658976412855813;0.9876637311201432;0.831073966991585
-0.14465791998511612;-0.14415393106795882;0.9895552759485718;0.845401344880613
-0.1320789704211931;-0.1316952888356242;0.9912902455378554;0.8595949567022312
-0.11950002085727007;-0.119215808736174;0.9928683653674237;0.8736525566312497
-0.10692107129334705;-0.10671746537135963;0.9942893857347129;0.8875719203633533
-0.09434212172942402;-0.09420223632762705;0.9955530817946745;0.9013508454670475
-0.08176317216550011;-0.08167210186320663;0.9966592535953529;0.9149871517321463
-0.06918422260157708;-0.0691290445947846;0.9976077261095226;0.928478681514738
-0.05660527303765406;-0.05657504918379248;0.998398349262383;0.9418233000785905
-0.04402632347373103;-0.044012102022381865;0.9990309979553044;0.9550188959329226
-0.03144737390980801;-0.03144219091912087;0.9995055720856215;0.9680633811665007
-0.018868424345884982;-0.01886730478446743;0.9998219965624732;0.9809546917780058
-0.006289474781961957;-0.00628943331606816;0.9999802213186832;0.9936907880026151
0.006289474781961069;0.006289433316067272;0.9999802213186832;1.0062696546347505
0.018868424345884094;0.018867304784466542;0.9998219965624732;1.0186893013469398
0.03144737390980712;0.03144219091911998;0.9995055720856215;1.0309477630047414
0.044026323473730145;0.044012102022380976;0.9990309979553045;1.0430430999776854
0.05660527303765317;0.056575049183791595;0.9983983492623831;1.0549733984461747
0.0691842226015762;0.06912904459478371;0.9976077261095226;1.0667367707043063
0.08176317216550011;0.08167210186320663;0.9966592535953529;1.0783313554585596
0.09434212172942313;0.09420223632762617;0.9955530817946746;1.0897553181223008
0.10692107129334616;0.10671746537135875;0.9942893857347129;1.1010068511060718
0.11950002085726918;0.11921580873617313;0.9928683653674238;1.112084174103597
0.1320789704211922;0.13169528883562331;0.9912902455378555;1.1229855343734787
0.14465791998511524;0.14415393106795793;0.989555275948572;1.1337092070165298
0.15723686954903826;0.15658976412855724;0.9876637311201434;1.1442534952487007
0.16981581911296129;0.16900082032184857;0.9856159103477086;1.1546167306695572
0.1823947686768843;0.1813851358726505;0.9834121376536188;1.1647972735262693
0.19497371824080734;0.19374075123689702;0.9810527617361682;1.1747935129730651
0.20755266780473036;0.20606571141169186;0.9785381559144198;1.1846038673261117
0.2201316173686534;0.21835806624464468;0.9758687180691362;1.1942267843137808
0.2327105669325764;0.23061587074243933;0.973044870579824;1.2036607413222633
0.24528951649650033;0.24283718537858712;0.9700670602579008;1.212904245636488
0.25786846606042335;0.2550200764003103;0.9669357582759983;1.2219558346763086
0.2704474156243464;0.26716261613452114;0.9636514600934087;1.2308140762279298
0.2830263651882694;0.27926288329282983;0.9602146853776895;1.2394775686705193
0.2956053147521924;0.2913189632755469;0.9566259779224379;1.2479449411979848
0.30818426431611545;0.30332894847462627;0.9528859055612469;1.256214854035873
0.3207632138800385;0.315290938575502;0.9489950600778589;1.264285998653361
0.3333421634439615;0.32720304085777113;0.9449540571125284;1.2721570979702996
0.34592111300788453;0.33906337049467467;0.9407635360646112;1.2798269065592858
0.35850006257180755;0.3508700508513299;0.9364241599913926;1.2872942108427226
0.3710790121357306;0.36262121378166623;0.9319366155031742;1.2945578292848405
0.3836579616996536;0.3743149999240181;0.9273016126546326;1.3016166125786508
0.39623691126357663;0.3859495589953279;0.922519884832469;1.3084694438277968
0.40881586082750054;0.39752305008391287;0.9175921886393665;1.3151152387232794
0.42139481039142357;0.40903364194074576;0.9125193037742763;1.321552945715022
0.4339737599553466;0.4204795132692141;0.9073020329090444;1.3277815461782585
0.4465527095192696;0.43185885301329713;0.9019412015614097;1.3338000545747069
0.45913165908319264;0.4431698606441258;0.8964376579643819;1.3396075186085077
0.47171060864711567;0.45441074644487706;0.8907922729320286;1.3452030193769056
0.4842895582110387;0.4655797317939567;0.8850059397216876;1.3505856715156443
0.4968685077749617;0.47667504944642697;0.8790795738926291;1.355754623339056
0.5094474573388847;0.487694943813634;0.8730141131611885;1.3607090569748226
0.5220264069028078;0.4986376712409909;0.8668105172523932;1.3654481884933842
0.5346053564667308;0.5095015002838725;0.8604697677481081;1.3699712680319807
0.5471843060306538;0.5202847119815782;0.8539928679317212;1.3742775799132994
0.5597632555945768;0.5309856001293195;0.8473808426293967;1.3783664427587161
0.5723422051585008;0.54160247154819;0.8406347380479182;1.3822372095961082
0.5849211547224238;0.55213364635307;0.8337556216091517;1.385889267962222
0.5975001042863468;0.5625774582184369;0.8267445817811465;1.3893220399995834
0.6100790538502698;0.5729322546420197;0.8196027279059117;1.3925349825479314
0.6226580034141929;0.583196397206273;0.8123311900238861;1.3955275872301591
0.6352369529781159;0.5933682618376199;0.8049311186951351;1.398299380532755
0.6478159025420389;0.6034462390634258;0.7974036848172993;1.400849923880725
0.6603948521059619;0.6134287342666613;0.7897500794403264;1.4031788137069876
0.672973801669885;0.6233141679382161;0.7819715135780134;1.4052856815162296
0.685552751233808;0.6331009759268207;0.7740692180163911;1.4071701939432117
0.698131700797731;0.6427876096865387;0.7660444431189786;1.4088320528055172
0.710710650361654;0.6523725365217903;0.7578984586289416;1.4102709951507317
0.723289599925578;0.661854239829868;0.7496325534681826;1.4114867932980506
0.735868549489501;0.6712312193409027;0.7412480355334002;1.4124792548743028
0.748447499053424;0.6805019913552522;0.7327462314891399;1.413248222844392
0.761026448617347;0.6896650889782617;0.7241284865578804;1.4137935755361422
0.77360539818127;0.6987190623523671;0.7153961643071822;1.4141152266595494
0.7861843477451931;0.7076624788865041;0.7065506464339326;1.4142131253204369
0.7987632973091161;0.7164939234827828;0.6975933325457233;1.4140872560285063
0.8113422468730391;0.7252119987603969;0.6885256399393925;1.4137376386997893
0.8239211964369622;0.7338153252767273;0.6793490033767702;1.4131643286534974
0.8365001460008852;0.7423025417456088;0.6700648748576579;1.4123674166032667
0.8490790955648082;0.7506723052527239;0.660674723390082;1.411347028642806
0.8616580451287312;0.7589232914680883;0.6511800347578564;1.4101033262259448
0.8742369946926543;0.7670541948555981;0.641582311285489;1.4086365061410873
0.8868159442565782;0.7750637288796015;0.6318830716004722;1.4069468004800738
0.8993948938205012;0.782950626208463;0.6220838503929962;1.4050344766014593
0.9119738433844242;0.7907136389150936;0.6121861981731138;1.4028998370882073
0.9245527929483472;0.7983515386744057;0.6021916810254098;1.4005432196998155
0.9371317425122703;0.8058631169576689;0.5921018803612014;1.3979649973188701
0.9497106920761933;0.8132471852237327;0.5819183926683155;1.3951655778920482
0.9622896416401163;0.8205025751070872;0.5716428292584791;1.3921454043655663
0.9748685912040393;0.8276281386027309;0.5612768160123656;1.3889049546150964
0.9874475407679624;0.834622748247817;0.5508219931223345;1.3854447413701516
1.0000264903318854;0.8414852973000498;0.5402800148329076;1.3817653121329574
1.0126054398958084;0.8482146999128019;0.5296525491790212;1.377867249091823
1.0251843894597314;0.8548098913069255;0.5189412777220965;1.373751169029022
1.0377633390236545;0.8612698279392302;0.5081478952839701;1.3694177232232003
1.0503422885875784;0.8675934876676012;0.4972741096787242;1.3648675973463256
1.0629212381515014;0.8737798699127284;0.4863216414424669;1.3601015113551953
1.0755001877154244;0.8798279958164292;0.4752922235610902;1.3551202193775194
1.0880791372793475;0.8857369083965292;0.4641876011960664;1.3499245095925956
1.1006580868432705;0.8915056726982837;0.45300953140831446;1.3445152041065982
1.1132370364071935;0.8971333759423139;0.4417597828801836;1.3388931588224975
1.1258159859711165;0.9026191276690337;0.43044013563559863;1.3330592633046323
1.1383949355350396;0.9079620598795459;0.4190523807584105;1.3270144406379565
1.1509738850989626;0.913161327172983;0.4075983201089969;1.3207596472819798
1.1635528346628856;0.9182161068802737;0.3960797660391575;1.3142958729194312
1.1761317842268086;0.923125599194312;0.38449854110534987;1.3076241402996618
1.1887107337907317;0.927889027296509;0.37285647778030945;1.3007455050768184
1.2012896833546547;0.932505637479707;0.36115541816310204;1.2936610556428092
1.2138686329185786;0.936974699267438;0.3493972136876511;1.2863719129550892
1.2264475824825016;0.9412955055295031;0.3375837248297925;1.2788792303592955
1.2390265320464247;0.9454673725938634;0.32571682081289083;1.2711841934067543
1.2516054816103477;0.9494896403548132;0.313798379312079;1.2632880196668923
1.2641844311742707;0.9533616723774292;0.3018302861571572;1.2551919585345863
1.2767633807381937;0.9570828559982707;0.2898144350342017;1.2468972910324725
1.2893423303021168;0.9606526024223209;0.27775272718593114;1.238405329608252
1.3019212798660398;0.9640703468161504;0.26564707111087693;1.2297174179270274
1.3145002294299628;0.9673355483972901;0.25349938226140545;1.2208349306586954
1.3270791789938858;0.9704476905197967;0.24131158274064005;1.2117592732604368
1.3396581285578089;0.9734062807560026;0.22908560099833084;1.2024918817543333
1.3522370781217319;0.9762108509744294;0.2168233715257201;1.1930342225001496
1.3648160276856558;0.9788609574138615;0.204526834549451;1.1833877919633125
1.3773949772495788;0.9813561807535595;0.19219793572457308;1.1735541164781325
1.3899739268135018;0.9836961261796101;0.17983862582668012;1.1635347520062902
1.4025528763774249;0.9858804234473958;0.16745086044324656;1.1533312838906424
1.415131825941348;0.987908726940178;0.15503659966419825;1.142945326604376
1.427710775505271;0.9897807157237835;0.14259780777177133;1.1323785234955548
1.440289725069194;0.9914960935973847;0.13013645292970824;1.1216325465270929
1.452868674633117;0.9930545891403676;0.11765450687183919;1.1107090960122068
1.46544762419704;0.9944559557552775;0.10515394459009897;1.0996099003453765
1.478026573760963;0.9956999717068377;0.09263674402202808;1.0883367157288657
1.490605523324886;0.9967864401570342;0.08010488573780791;1.076891325894842
1.503184472888809;0.9977151891962615;0.06756035262687929;1.0652755418231408
1.515763422452732;0.9984860718705224;0.05500512958419405;1.0534912014547164
1.528342372016656;0.9990989662046814;0.04244120319614846;1.04154016940083
1.540921321580579;0.9995537752217638;0.029870561426253387;1.0294243366480171
1.553500271144502;0.9998504269583004;0.017295193300577702;1.017145620258878
1.566079220708425;0.999988874475714;0.0047170885930324456;1.0047059630687465
1.5786581702723481;0.9999690958677468;-0.007861762489467778;0.992107333378279
1.5912371198362711;0.9997910942639262;-0.020439369621911032;0.9793517246420151
1.6038160694001942;0.9994548978290694;-0.03301374267611297;0.9664411551529564
1.6163950189641172;0.9989605597588275;-0.0455828920356106;0.9533776677232169
1.6289739685280402;0.9983081582712683;-0.05814482891047511;0.9401633293607932
1.6415529180919632;0.9974977965944998;-0.07069756565199388;0.9268002309425059
1.6541318676558863;0.9965296029503368;-0.08323911606717192;0.9132904868831648
1.6667108172198093;0.9954037305340127;-0.09576749573300304;0.8996362348010096
1.6792897667837323;0.9941203574899394;-0.10828072231046083;0.8858396351794786
1.6918687163476562;0.9926796868835203;-0.12077681585816095;0.8719028710253593
1.7044476659115793;0.9910819466690197;-0.13325379914563945;0.8578281475233802
1.7170266154755023;0.9893273896534935;-0.1457096979662111;0.8436176916872824
1.7296055650394244;0.9874162934567892;-0.15814254144933956;0.8292737520074496
1.7421845146033483;0.9853489604676166;-0.17055036237248924;0.8147985980951273
1.7547634641672705;0.9831257177957045;-0.18293119747238526;0.8001945203233192
1.7673424137311944;0.9807469172200397;-0.19528308775566944;0.7854638294643703
1.7799213632951183;0.9782129351332084;-0.20760407880885545;0.7706088563243529
1.7925003128590404;0.9755241724818389;-0.21989222110757695;0.755631951374262
1.8050792624229643;0.97268105470316;-0.23214557032506164;0.7405354843780984
1.8176582119868865;0.9696840316576878;-0.24436218763976608;0.7253218440179217
1.8302371615508104;0.9665335775580414;-0.25654014004216497;0.7099934375158764
1.8428161111147325;0.9632301908939129;-0.26867750064059354;0.6945526902533194
1.8553950606786564;0.9597743943531891;-0.2807723489661491;0.67900204538704
1.8679740102425786;0.9561667347392513;-0.29282277127654927;0.6633439634627021
1.8805529598065025;0.9524077828844516;-0.30482686085895283;0.6475809220254988
1.8931319093704246;0.9484981335597956;-0.3167827183316415;0.6317154152281541
1.9057108589343486;0.944438405380829;-0.32868845194456836;0.6157499534362607
1.9182898084982707;0.9402292407097594;-0.3405421778786723;0.5996870628310871
1.9308687580621946;0.9358713055538123;-0.35234202054396374;0.5835292850098486
1.9434477076261185;0.9313652894598541;-0.36408611287628395;0.5672791765835701
1.9560266571900407;0.9267119054052854;-0.3757725966327315;0.5509393087725538
1.9686056067539646;0.9219118896852251;-0.38739962268569306;0.534512266999532
1.9811845563178867;0.9169660017960137;-0.3989653513154155;0.5180006504805983
1.9937635058818106;0.9118750243150338;-0.41046795250111373;0.5014070718139201
2.0063424554457328;0.9066397627768897;-0.4219056062105184;0.4847341565663713
2.0189214050096567;0.9012610455459448;-0.4332765026878683;0.46798454285807645
2.031500354573579;0.8957397236852559;-0.44457884274025156;0.45116088094500434
2.0440793041375027;0.8900766708219061;-0.4558108380223009;0.43426583279960523
2.056658253701425;0.8842727830087783;-0.4669707113191468;0.4173020716896315
2.0692372032653488;0.8783289785827689;-0.4780566968276356;0.40027228175513335
2.081816152829271;0.872246198019487;-0.4890670404357156;0.3831791575837714
2.094395102393195;0.866025403784439;-0.4999999999999994;0.36602540378443965
2.1069740519571187;0.8596675801807452;-0.5108538456214087;0.3488137345593365
2.119553001521041;0.8531737331933932;-0.521626859918897;0.33154687327449617
2.132131951084965;0.8465448903300605;-0.532317338301192;0.31422755202886854
2.144710900648887;0.8397821004585403;-0.5429235892364985;0.29685851122204177
2.157289850212811;0.8328864336407735;-0.5534439345201584;0.27944249912061514
2.169868799776733;0.8258589809635437;-0.563876709540177;0.2619822714233667
2.182447749340657;0.8187008543658283;-0.5742202635406233;0.244480590825205
2.195026698904579;0.8114131864628665;-0.584472959882814;0.22694022658005253
2.207605648468503;0.8039971303669408;-0.5946331763042862;0.2093639540626545
2.220184598032425;0.7964538595049299;-0.6046993051754743;0.19175455432945554
2.232763547596349;0.7887845674326318;-0.6146697537540919;0.17411481367853987
2.245342497160271;0.7809904676459184;-0.6245429444371378;0.15644752320878064
2.257921446724195;0.7730727933887181;-0.6343173150105271;0.13875547837819102
2.270500396288119;0.7650327974578899;-0.6439913188962684;0.12104147856162151
2.283079345852041;0.7568717520049922;-0.6535634253971786;0.10330832660781364
2.295658295415965;0.7485909483349906;-0.6630321199390866;0.08555882839590401
2.308237244979887;0.7401916967019442;-0.6723959043104717;0.06779579239147249
2.320816194543811;0.7316753261016785;-0.6816532968995327;0.050022029202145823
2.333395144107733;0.72304318406151;-0.6908028329286101;0.032240351132899914
2.345974093671657;0.7142966364270211;-0.699843064685965;0.014453571741056104
2.3585530432355792;0.705437067145954;-0.7087725617548374;-0.0033354946088833826
2.371131992799503;0.6964658780492221;-0.7175899112397875;-0.02112403319056544
2.3837109423634253;0.6873844886291113;-0.7262937179902461;-0.038909229361134834
2.396289891927349;0.6781943358146668;-0.7348826048212754;-0.056688269006608616
2.4088688414912713;0.6688968737443406;-0.743355212731469;-0.07445833898712839
2.4214477910551953;0.6594935735358964;-0.7517102011179928;-0.09221662758209637
2.434026740619119;0.6499859230536466;-0.7599462479886976;-0.10996032493505103
2.4466056901830413;0.6403754266730266;-0.768062050171299;-0.12768662349827242
2.459184639746965;0.6306636050425573;-0.776056323519579;-0.14539271847702173
2.4717635893108874;0.6208519948432444;-0.7839278031165651;-0.1630758082733207
2.4843425388748113;0.6109421485454231;-0.7916752434746852;-0.18073309492926215
2.4969214884387334;0.6009356341631239;-0.7992974187328296;-0.19836178456970566
2.5095004380026573;0.5908340350059583;-0.806793122850324;-0.21595908784436568
2.5220793875665795;0.5806389494286066;-0.814161169797752;-0.23352222036914538
2.5346583371305034;0.5703519905779018;-0.821400393744625;-0.2510484031667233
2.5472372866944255;0.5599747861375965;-0.8285096492438413;-0.26853486310624475
2.5598162362583494;0.5495089780708066;-0.835487811412936;-0.2859788333421295
2.5723951858222733;0.5389562223602162;-0.8423337761120618;-0.3033775537518456
2.5849741353861955;0.5283181887460521;-0.8490464601186974;-0.32072827137264537
2.5975530849501194;0.5175965604618784;-0.8556248012990467;-0.3380282408371683
2.6101320345140415;0.5067930339682732;-0.862067758776091;-0.35527472480781774
2.6227109840779654;0.49590931868438953;-0.8683743130942927;-0.37246499440990316
2.6352899336418876;0.4849471367174887;-0.8745434663808938;-0.38959632966340507
2.6478688832058115;0.47390822259044335;-0.8805742425038146;-0.4066660199133712
2.6604478327697336;0.46279432296730005;-0.8864656872260981;-0.42367136425879803
2.6730267823336575;0.4516071963768954;-0.8922168683569036;-0.4406096719800082
2.6856057318975797;0.4403486129346205;-0.8978268758989986;-0.45747826296437805
2.6981846814615036;0.4290203540623269;-0.9032948221927521;-0.47427446813042523
2.7107636310254257;0.4176242122064683;-0.9086198420565813;-0.490995629850113
2.7233425805893496;0.406161990554473;-0.9138010929238529;-0.5076391023693799
2.7359215301532736;0.3946355027494407;-0.9188377549761961;-0.5242022522267554
2.7485004797171957;0.38304657260316843;-0.9237290312732223;-0.5406824586700538
2.7610794292811196;0.3713970338075681;-0.9284741478786257;-0.5570771140710575
2.7736583788450417;0.3596887296445366;-0.933072353982637;-0.5733836243381004
2.7862373284089657;0.347923512694284;-0.9375229220208274;-0.5895994093265434
2.798816277972888;0.33610324454221707;-0.9418251477892245;-0.6057219032470075
2.8113952275368117;0.3242297954843712;-0.9459783505557423;-0.6217485550713711
2.823974177100734;0.31230504423149064;-0.9499818731678866;-0.637676828936396
2.8365531266646578;0.30033087761175087;-0.9538350821567403;-0.6535042045449895
2.84913207622858;0.2883091902722231;-0.9575373678371905;-0.6692281775649673
2.861711025792504;0.27624188437907493;-0.9610881444044026;-0.6848462600253277
2.874289975356426;0.26413086931660773;-0.9644868500265066;-0.7003559807098989
2.88686892492035;0.25197806138512585;-0.9677329469334987;-0.7157548855483729
2.8994478744842738;0.23978538349773584;-0.9708259215023277;-0.7310405380045919
2.912026824048196;0.2275547648760832;-0.9737652843381667;-0.7462105194620835
2.92460577361212;0.21528814074509034;-0.9765505703518493;-0.7612624296067589
2.937184723176042;0.20298745202676227;-0.9791813388334578;-0.7761938868066955
2.949763672739966;0.1906546450330647;-0.9816571735220581;-0.7910025284889933
2.962342622303888;0.17829167115797703;-0.9839776826715613;-0.8056860115135842
2.974921571867812;0.16590048656871365;-0.9861424991127115;-0.8202420125439978
2.987500521431734;0.1534830518962175;-0.9881512803111794;-0.8346682284149619
3.000079470995658;0.14104133192491974;-0.9900037084217638;-0.848962376496844
3.01265842055958;0.12857729528187006;-0.9916994903386805;-0.8631221950568104
3.025237370123504;0.1160929141252308;-0.9932383577419429;-0.8771454436167121
3.037816319687426;0.10359016383224084;-0.9946200671398147;-0.8910299033075738
3.05039526925135;0.09107102268664154;-0.9958443999073395;-0.904773377220698
3.062974218815274;0.07853747156566952;-0.996911162320932;-0.9183736907552625
3.075553168379196;0.06599149362662136;-0.9978201855890306;-0.9318286919624093
3.08813211794312;0.05343507399305747;-0.9985713258788059;-0.9451362518857485
3.100711067507042;0.04087019944071258;-0.9991644643389177;-0.9582942648982051
3.113290017070966;0.028298858083118276;-0.9995995071183216;-0.9713006490352033
3.1258689666348882;0.015723039057042143;-0.9998763853811183;-0.9841533463240761
3.138447916198812;0.0031447322077366876;-0.9999950553174459;-0.9968503231097092
3.1510268657627343;-0.009434072225895469;-0.999955498150411;-1.0093895703763065
3.163605815326658;-0.022011383926227094;-0.9997577201390606;-1.0217691040652876
3.1761847648905803;-0.03458521281181589;-0.9994017525773914;-1.0339869653892073
3.1887637144545042;-0.04715356935230506;-0.9988876517893979;-1.046041221141703
3.2013426640184264;-0.05971446488320832;-0.9982154991201609;-1.0579299640033692
3.2139216135823503;-0.07226591192058625;-0.9973854009229762;-1.0696513128435625
3.226500563146274;-0.08480592447550926;-0.9963974885425265;-1.0812034130180357
3.2390795127101963;-0.09733251836830174;-0.9952519182940992;-1.092584436662401
3.2516584622741203;-0.10984371154249994;-0.9939488714388522;-1.1037925829813522
3.2642374118380424;-0.12233752437845619;-0.9924885541551351;-1.1148260785335913
3.2768163614019663;-0.134811980006584;-0.9908711975058637;-1.1256831775124478
3.2893953109658884;-0.14726510462014;-0.9890970574019615;-1.1363621620221016
3.3019742605298124;-0.15969492778754907;-0.9871664145618658;-1.146861342349415
3.3145532100937345;-0.17209948276416773;-0.9850795744671117;-1.1571790572312795
3.3271321596576584;-0.18447680680349185;-0.9828368673139949;-1.1673136741174868
3.3397111092215805;-0.196824941467704;-0.980438647961327;-1.1772635894290309
3.3522900587855045;-0.20914193293756675;-0.9778852958742852;-1.187027228811852
3.3648690083494266;-0.22142583232155758;-0.9751772150643725;-1.1966030473859302
3.3774479579133505;-0.2336746959642517;-0.9723148340254891;-1.2059895299897407
3.3900269074772744;-0.2458865857538503;-0.9692986056661355;-1.2151851914199858
3.4026058570411966;-0.25805956942884933;-0.9661290072377482;-1.2241885766665974
3.4151848066051205;-0.270191720883782;-0.9628065402591843;-1.2329982611429664
3.4277637561690426;-0.2822811204739707;-0.9593317304373705;-1.2416128509113413
3.4403427057329665;-0.29432585531928157;-0.955705127584117;-1.2500309829033984
3.4529216552968887;-0.3063240196067823;-0.9519273055291269;-1.258251325135909
3.4655006048608126;-0.3182737148923082;-0.9479988620291956;-1.2662725769215037
3.4780795544247347;-0.3301730504008355;-0.9439204186736334;-1.274093469074469
3.4906585039886586;-0.3420201433256682;-0.9396926207859085;-1.2817127641115769
3.5032374535525808;-0.3538131191263373;-0.9353161373215434;-1.2891292564478807
3.5158164031165047;-0.3655501118252184;-0.9307916607622623;-1.2963417725874806
3.528395352680427;-0.3772292643027684;-0.9261199070064265;-1.303349171309195
3.5409743022443507;-0.38884872859138675;-0.9213016152557544;-1.3101503438471411
3.5535532518082746;-0.40040666616780385;-0.9163375478983631;-1.316744214066167
3.5661322013721968;-0.4119012482439918;-0.9112284903881361;-1.323129738632128
3.5787111509361207;-0.4233306560565343;-0.90597525112044;-1.3293059071769742
3.591290100500043;-0.43469308115439464;-0.9005786613042188;-1.3352717424586134
3.6038690500639667;-0.44598672568507575;-0.895039574830468;-1.3410263005155438
3.616447999627889;-0.457209802679078;-0.8893588681371309;-1.346568670816209
3.629026949191813;-0.46836053633266017;-0.8835374400704155;-1.3518979764030756
3.641605898755735;-0.47943716228880856;-0.8775762117425783;-1.3570133740313868
3.654184848319659;-0.49043792791642005;-0.8714761263861727;-1.3619140543025927
3.666763797883581;-0.5013610925876046;-0.865238149204809;-1.3665992417924135
3.679342747447505;-0.5122049279531137;-0.8588632672204264;-1.3710681951735402
3.691921697011427;-0.522967718215801;-0.8523524891171249;-1.3753202073329258
3.704500646575351;-0.5336477604021216;-0.8457068450815565;-1.379354605483678
3.717079596139275;-0.544243364631579;-0.8389273866399274;-1.3831707512715063
3.729658545703197;-0.5547528543841163;-0.8320151864916141;-1.3867680408757304
3.742237495267121;-0.5651745667653927;-0.8249713383394303;-1.390145905104823
3.754816444831043;-0.5755068527698891;-0.8177969567165784;-1.3933038094864676
3.767395394394967;-0.5857480775418391;-0.8104931768102922;-1.3962412543521312
3.779974343958889;-0.5958966206338967;-0.8030611542822264;-1.398957774916123
3.792553293522813;-0.6059508762635478;-0.7955020650855902;-1.4014529413491381
3.805132243086735;-0.6159092535671785;-0.7878171052790877;-1.4037263588462663
3.817711192650659;-0.6257701768518055;-0.7800074908376586;-1.4057776676894642
3.830290142214581;-0.6355320858443829;-0.7720744574600872;-1.4076065433044702
3.842869091778505;-0.6451934359386928;-0.7640192603734698;-1.4092126963121627
3.8554480413424272;-0.6547526984397337;-0.7558431741346131;-1.4105958725743468
3.868026990906351;-0.6642083608056133;-0.7475474924283542;-1.4117558532339674
3.880605940470275;-0.6735589268868658;-0.7391335278628711;-1.4126924547497368
3.893184890034197;-0.6828029171631883;-0.7306026117619894;-1.4134055289251777
3.905763839598121;-0.6919388689775461;-0.7219560939545246;-1.4138949629320707
3.9183427891620433;-0.7009653367675966;-0.7131953425607109;-1.4141606793283077
3.930921738725967;-0.7098808922944283;-0.7043217437757167;-1.414202636070145
3.9435006882898893;-0.7186841248685374;-0.6953367016503188;-1.4140208265188563
3.9560796378538132;-0.7273736415730484;-0.6862416378687339;-1.4136152794417822
3.9686585874177354;-0.7359480674841024;-0.6770379915236774;-1.4129860590077796
3.9812375369816593;-0.7444060458884185;-0.6677272188886489;-1.4121332647770675
3.9938164865455814;-0.7527462384979537;-0.65831079318752;-1.4110570316854738
4.006395436109505;-0.760967325661667;-0.6487902043614179;-1.409757530023085
4.0189743856734275;-0.7690680065743156;-0.6391669588329862;-1.4082349654073019
4.031553335237351;-0.777046999482288;-0.6294425792680165;-1.4064895787503044
4.044132284801275;-0.7849030418864044;-0.6196186043345288;-1.4045216462209331
4.056711234365197;-0.7926348907416841;-0.6096965884593077;-1.402331479200992
4.069290183929121;-0.8002413226540319;-0.599678101581945;-1.399919424235977
4.0818691334930435;-0.8077211340738061;-0.5895647289064404;-1.3972858629802465
4.094448083056967;-0.815073141486262;-0.5793580706503673;-1.3944312121366291
4.1070270326208895;-0.8222961815988087;-0.5690597417916848;-1.3913559233904935
4.119605982184813;-0.8293891115250824;-0.5586713718131925;-1.388060483338275
4.132184931748736;-0.8363508089657753;-0.548194604444711;-1.3845454134104864
4.1447638813126595;-0.843180172386222;-0.5376310974029878;-1.3808112697892096
4.157342830876582;-0.8498761211906856;-0.526982522129411;-1.3768586433200967
4.1699217804405055;-0.8564375958933454;-0.5162505635255294;-1.372688159418875
4.182500730004428;-0.8628635582859302;-0.505436919686466;-1.3683004779723962
4.195079679568352;-0.8691529916019984;-0.49454330163221955;-1.363696293234218
4.2076586291322755;-0.8753049006778129;-0.4835714330369445;-1.3588763337147574
4.220237578696198;-0.8813183121098065;-0.47252304995621286;-1.3538413620660195
4.232816528260122;-0.8871922744086039;-0.46139990055231744;-1.3485921749609213
4.245395477824044;-0.8929258581495679;-0.4502037448176744;-1.3431296029672424
4.257974427387968;-0.8985181561198671;-0.43893635429633093;-1.337454510416198
4.27055337695189;-0.9039682834620155;-0.42759951180367034;-1.331567795265686
4.283132326515814;-0.9092753778138882;-0.4161950111443082;-1.3254703889581965
4.295711276079736;-0.9144385994451651;-0.4047246568282749;-1.31916325627344
4.30829022564366;-0.9194571313902051;-0.3931902637854796;-1.3126473951756847
4.320869175207582;-0.9243301795773078;-0.38159365707855003;-1.3059238366558579
4.333448124771506;-0.9290569729543624;-0.36993667161404403;-1.2989936445684065
4.34602707433543;-0.9336367636108461;-0.3582211518521275;-1.2918579154629737
4.358606023899352;-0.9380688268961656;-0.34644895151472443;-1.28451777841089
4.371184973463276;-0.9423524615343186;-0.3346219332922016;-1.2769743948265202
4.383763923027198;-0.9464869897348521;-0.32274196854865034;-1.2692289582835024
4.396342872591122;-0.9504717573001115;-0.31081093702577145;-1.261282694325883
4.408921822155044;-0.9543061337287485;-0.29883072654546095;-1.2531368602742095
4.421500771718968;-0.9579895123154888;-0.28680323271109065;-1.2447927450265794
4.43407972128289;-0.9615213102471251;-0.2747303586075842;-1.2362516688547092
4.446658670846814;-0.9649009686947388;-0.2626140145002825;-1.2275149831950214
4.459237620410736;-0.9681279529021184;-0.25045611753270003;-1.2185840704348183
4.47181656997466;-0.9712017522703761;-0.2382585914231657;-1.2094603436935418
4.484395519538582;-0.9741218804387358;-0.22602336616045068;-1.2001452465991864
4.496974469102506;-0.9768878753614924;-0.2137523776983765;-1.1906402530598688
4.50955341866643;-0.9794992993811165;-0.20144756764950525;-1.1809468670306218
4.522132368230352;-0.9819557392975065;-0.18911088297791728;-1.1710666222754238
4.534711317794276;-0.9842568064333687;-0.17674427569114182;-1.1610010821245105
4.547290267358198;-0.9864021366957144;-0.16434970253130726;-1.1507518392270217
4.559869216922122;-0.9883913906334727;-0.15192912466551595;-1.1403205152989886
4.572448166486044;-0.9902242534911984;-0.13948450737554685;-1.129708760866745
4.585027116049968;-0.9919004352588768;-0.1270178197468792;-1.118918255005756
4.59760606561389;-0.9934196707178106;-0.11453103435714233;-1.1079507050749529
4.610185015177814;-0.9947817194825852;-0.1020261269639847;-1.0968078464465698
4.622763964741736;-0.9959863660391042;-0.08950507619246817;-1.0854914422315725
4.63534291430566;-0.9970334197786901;-0.07696986322198013;-1.0740032830006703
4.647921863869582;-0.9979227150282431;-0.06442247147276985;-1.062345186501013
4.660500813433506;-0.9986541110764564;-0.05186488629210193;-1.0505189973685582
4.67307976299743;-0.9992274921960794;-0.0392990946401314;-1.0385265868362108
4.685658712561352;-0.9996427676622299;-0.026727084775505876;-1.0263698524377358
4.698237662125276;-0.9998998717667489;-0.01415084594076232;-1.014050717707511
4.710816611689198;-0.9999987638285974;-0.001572368047585769;-1.0015711318761833
4.723395561253122;-0.9999394282002937;0.011006358638064345;-0.9889330695622294
4.735974510817044;-0.9997218742703887;0.023583343810855587;-0.9761385304595331
4.748553460380968;-0.9993461364619809;0.03615659744101852;-0.9631895390209624
4.76113240994489;-0.9988122742272693;0.048724130089210706;-0.9500881441380585
4.773711359508814;-0.9981203720381463;0.06128395322131569;-0.9368364188168306
4.7862903090727364;-0.9972705393728328;0.07383407952307035;-0.9234364598497625
4.79886925863666;-0.9962629106985544;0.08637252321452761;-0.9098903874840268
4.8114482082005825;-0.9950976454502662;0.09889730036424807;-0.8962003450860182
4.824027157764506;-0.9937749280054243;0.11140642920322735;-0.8823684988021969
4.83660610732843;-0.9922949676548137;0.12389793043845497;-0.8683970372163587
4.8491850568923525;-0.9906579985694318;0.13636982756609886;-0.854288171003333
4.861764006456276;-0.9888642797634357;0.14882014718424877;-0.840044132579187
4.8743429560201985;-0.9869140950531602;0.1612469193051511;-0.8256671757480091
4.886921905584122;-0.9848077530122081;0.17364817766692997;-0.8111595753452782
4.899500855148045;-0.982545586922628;0.18602196004469068;-0.7965236268779372
4.9120798047119685;-0.9801279547221767;0.19836630856101237;-0.7817616461611644
4.924658754275891;-0.9775552389476865;0.21067926999572487;-0.7668759689519616
4.9372377038398145;-0.9748278466745344;0.22295889609497652;-0.7518689505795578
4.949816653403737;-0.971946209452234;0.2352032438794884;-0.7367429655727455
4.962395602967661;-0.9689107832361498;0.24741037595200163;-0.7215004072841481
4.974974552531583;-0.9657220483153551;0.25957836080381386;-0.7061436875115412
4.987553502095507;-0.9623805092366338;0.27170527312041165;-0.6906752361162221
5.0001324516594305;-0.9588866947246498;0.2837891940860967;-0.6750975006385531
5.012711401223353;-0.9552411575982872;0.2958282116876014;-0.6594129459106859
5.025290350787277;-0.9514444746831767;0.3078204210166275;-0.6436240536665492
5.037869300351199;-0.9474972467204301;0.3197639245712441;-0.6277333221491861
5.050448249915123;-0.9434000982715813;0.33165683255613865;-0.6117432657154427
5.063027199479045;-0.9391536776197682;0.34349726318162194;-0.5956564144381462
5.075606149042969;-0.9347586566671512;0.3552833429613931;-0.5794753137057581
5.088185098606891;-0.9302157308286049;0.36701320700896395;-0.563202523819641
5.100764048170815;-0.9255256189216783;0.3786849993327494;-0.5468406195889288
5.113342997734737;-0.9206890630528638;0.390296873129724;-0.5303921899231399
5.125921947298661;-0.9157068285001695;0.4018469910776504;-0.5138598374225192
5.138500896862583;-0.9105797035920363;0.4133335256257823;-0.49724617796625403
5.151079846426507;-0.9053084995825971;0.4247546592840469;-0.4805538402985502
5.163658795990431;-0.8998940505233183;0.4361085849106109;-0.4637854656127074
5.176237745554353;-0.8943372131310278;0.4473935059978259;-0.44694370713320186
5.188816695118277;-0.888638866652356;0.4586076369564906;-0.43003122969586544
5.201395644682199;-0.8827999127246202;0.46974920339836973;-0.4130507093262505
5.213974594246123;-0.8768212752331538;0.48081644241696436;-0.3960048328161894
5.226553543810045;-0.8707039001651282;0.4918076028664405;-0.37889629729868773
5.239132493373969;-0.8644487554598652;0.5027209456387213;-0.36172780982114394
5.251711442937891;-0.8580568308556883;0.5135547439386503;-0.344502086917038
5.264290392501815;-0.8515291377333116;0.5243072835572311;-0.3272218541760805
5.276869342065737;-0.8448667089558187;0.5349768631428502;-0.3098898458129685
5.289448291629661;-0.8380705987052269;0.5455617944704911;-0.2925088042347358
5.302027241193583;-0.8311418823156946;0.556060402708846;-0.2750814796068486
5.314606190757507;-0.8240816561033649;0.566471026685333;-0.2576106294180319
5.327185140321431;-0.8168910371929055;0.5767920191489295;-0.24009901804397593
5.339764089885353;-0.8095711633407446;0.5870217470308177;-0.22254941630992697
5.352343039449277;-0.802123192755044;0.5971585917027858;-0.2049646010522581
5.364921989013199;-0.7945483039124445;0.6072009492333307;-0.1873473546791138
5.377500938577123;-0.7868476953715903;0.6171472306414548;-0.16970046473013545
5.390079888141045;-0.779022585583492;0.6269958621480773;-0.15202672343541468
5.402658837704969;-0.7710742126987251;0.63674528542506;-0.13432892727366508
5.415237787268891;-0.7630038343715283;0.646393957841768;-0.11660987652976029
5.427816736832815;-0.7548127275607994;0.6559403527091671;-0.09887237485163236
5.440395686396737;-0.7465021883280532;0.665382959521378;-0.0811192288066751
5.452974635960661;-0.7380735316323396;0.6747202841946919;-0.0633532474376477
5.465553585524583;-0.7295280911221897;0.6839508493039643;-0.04557724181822542
5.478132535088507;-0.7208672189245858;0.6930731943163964;-0.02779402460818947
5.490711484652431;-0.7120922854310257;0.7020858758226224;-0.010006409608403266
5.503290434216353;-0.7032046790806847;0.7109874677651015;0.0077827886844167304
5.515869383780277;-0.6942058061407228;0.7197765616637632;0.025570755523040445
5.528448333344199;-0.6850970904837819;0.7284517668388599;0.04335467635507806
5.541027282908123;-0.6758799733626795;0.7370117106310209;0.061131737268341424
5.553606232472045;-0.6665559131823731;0.7454550386184352;0.07889912543606215
5.566185182035969;-0.6571263852691891;0.7537804148311691;0.09665402956197999
5.5787641315998915;-0.6475928816373953;0.761986521962544;0.11439364032514876
5.591343081163815;-0.6379569107531126;0.7700720615775807;0.13211515082446812
5.6039220307277375;-0.6282199972956437;0.7780357543184384;0.1498157570227947
5.6165009802916614;-0.6183836819162161;0.7858763401068543;0.1674926581906382
5.629079929855584;-0.6084495209942186;0.7935925783435137;0.18514305734929515
5.6416588794195075;-0.5984190863909278;0.8011832481043568;0.20276416171342904
5.654237828983431;-0.5882939652008053;0.8086471483337548;0.2203531831329495
5.6668167785473536;-0.5780757595003717;0.8159830980345539;0.23790733853418222
5.6793957281112775;-0.5677660860947081;0.823189936454945;0.25542385036023685
5.6919746776752;-0.5573665762616433;0.83026652327212;0.2728999470104767
5.7045536272391235;-0.5468788754936279;0.8372117387727104;0.2903328632790825
5.717132576803046;-0.5363046432373837;0.8440244840299496;0.30771984079256587
5.72971152636697;-0.5256455526313213;0.8507036810775611;0.3250581284462398
5.742290475930892;-0.514903290240814;0.8572482730803159;0.3423449828395019
5.754869425494816;-0.5040795557913254;0.8636572245012601;0.3595776687099348
5.767448375058738;-0.49317606189947594;0.8699295212655588;0.37675345936608284
5.780027324622662;-0.4821945338020486;0.8760641709209577;0.3938696371189091
5.792606274186586;-0.47113670908301797;0.8820602027948113;0.4109234937117934
5.805185223750508;-0.460004337398612;0.8879166681476724;0.42791233074906043
5.817764173314432;-0.44879918020046244;0.8936326403234122;0.4448334601229497
5.830343122878354;-0.43752301045690545;0.8992072148958362;0.46168420443893077
5.842922072442278;-0.4261776123724357;0.9046395098117979;0.4784618974393622
5.8555010220062;-0.41476478110540826;0.9099286655307562;0.495163884425348
5.868079971570124;-0.4032863224839818;0.9150738451607858;0.511787522676804
5.880658921134046;-0.39174405272039875;0.9200742345909907;0.5283301818705919
5.89323787069797;-0.3801397981235974;0.9249290426203248;0.5447892444967275
5.905816820261892;-0.3684753948102515;0.9296375010827765;0.561162106272525
5.918395769825816;-0.3567526884142326;0.9341988649689195;0.5774461765546869
5.930974719389738;-0.3449735337945922;0.9386124125437887;0.5936388787491964
5.943553668953662;-0.3331397947420585;0.9428774454610839;0.6097376507190253
5.956132618517586;-0.3212533436841439;0.9469932888736632;0.6257399451895194
5.968711568081508;-0.30931606138887;0.950959291540325;0.641643230151455
5.981290517645432;-0.2973298366671726;0.9547748259288534;0.6574449892616808
5.993869467209354;-0.285296566074051;0.9584392883153083;0.6731427222412574
6.006448416773278;-0.2732181536084663;0.9619520988795547;0.6887339452710883
6.0190273663372;-0.2610965104120896;0.965312701797003;0.7042161913849134
6.031606315901124;-0.24893355446689222;0.9685205653265597;0.7195870108596675
6.044185265465046;-0.2367312102916813;0.9715751818947599;0.7348439716030786
6.05676421502897;-0.22449140863757333;0.974476068176083;0.7499846595385097
6.069343164592892;-0.21221608618250956;0.9772227651694253;0.7650066789869158
6.081922114156816;-0.19990718522480547;0.9798148382707292;0.7799076530459238
6.094501063720738;-0.18756665337583894;0.9822518773417478;0.7946852239659088
6.107080013284662;-0.17519644325187;0.9845334967749417;0.8093370535230717
6.119658962848586;-0.16279851216509456;0.9866593355544919;0.8238608233893974
6.132237912412508;-0.15037482181393788;0.9886290573134225;0.8382542354994846
6.144816861976432;-0.13792733797265394;0.9904423503868245;0.8525150124141705
6.157395811540354;-0.12545803018029736;0.9920989278611683;0.8666408976808709
6.169974761104278;-0.11296887142907333;0.9935985276197029;0.8806296561906296
6.1825537106682;-0.1004618378521694;0.9949409123839287;0.8944790745317592
6.195132660232124;-0.08793890841106189;0.9961258697511429;0.908186961340081
6.207711609796046;-0.07540206458240319;0.9971532122280463;0.9217511476456431
6.22029055935997;-0.06285329004448273;0.9980227772604111;0.9351694872159284
6.232869508923892;-0.05029457036336792;0.9987344272588005;0.9484398568954325
6.245448458487816;-0.0377278926787181;0.99928804962034;0.9615601569416219
6.258027408051738;-0.025155245389377728;0.9996835567465338;0.974528311357156
6.270606357615662;-0.012578617838742121;0.9999208860571255;0.9873422682183833
6.283185307179586;-2.4492935982947064e-16;1.0;0.9999999999999998
